<?xml version="1.0" encoding="UTF-8"?>
<project-private xmlns="http://www.netbeans.org/ns/project-private/1">
    <editor-bookmarks xmlns="http://www.netbeans.org/ns/editor-bookmarks/2" lastBookmarkId="0"/>
    <open-files xmlns="http://www.netbeans.org/ns/projectui-open-files/1">
        <file>file:/C:/Users/Standard/Dropbox/Documents/OOP/Homework/Homework4/src/Homework1.java</file>
        <file>file:/C:/Users/Standard/Dropbox/Documents/OOP/Homework/Homework4/src/Homework2.java</file>
        <file>file:/C:/Users/Standard/Dropbox/Documents/OOP/Homework/Homework4/src/BaseballScore.java</file>
        <file>file:/C:/Users/Standard/Dropbox/Documents/OOP/Homework/Homework4/src/GameScore.java</file>
        <file>file:/C:/Users/Standard/Dropbox/Documents/OOP/Homework/Homework4/src/HangmanScore.java</file>
        <file>file:/C:/Users/Standard/Dropbox/Documents/OOP/Homework/Homework4/src/Homework4.java</file>
    </open-files>
</project-private>
